Year,Custom,Port,Country,Number Of Vessels -Year,Number Of Vessel (Direct Entrance) -Year,Cargo Loaded -Year,Cargo Unloaded -Year,Number Of Vessels -Jan,Number Of Vessel (Direct Entrance) -Jan,Cargo Loaded -Jan,Cargo Unloaded -Jan,Number Of Vessels -Feb,Number Of Vessel (Direct Entrance) -Feb,Cargo Loaded -Feb,Cargo Unloaded -Feb,Number Of Vessels -Mar,Number Of Vessel (Direct Entrance) -Mar,Cargo Loaded -Mar,Cargo Unloaded -Mar,Number Of Vessels -Apl,Number Of Vessel (Direct Entrance) -Apl,Cargo Loaded -Apl,Cargo Unloaded -Apl,Number Of Vessels -May,Number Of Vessel (Direct Entrance) -May,Cargo Loaded -May,Cargo Unloaded -May,Number Of Vessels -Jun,Number Of Vessel (Direct Entrance) -Jun,Cargo Loaded -Jun,Cargo Unloaded -Jun,Number Of Vessels -Jul,Number Of Vessel (Direct Entrance) -Jul,Cargo Loaded -Jul,Cargo Unloaded -Jul,Number Of Vessels -Aug,Number Of Vessel (Direct Entrance) -Aug,Cargo Loaded -Aug,Cargo Unloaded -Aug,Number Of Vessels -Sep,Number Of Vessel (Direct Entrance) -Sep,Cargo Loaded -Sep,Cargo Unloaded -Sep,Number Of Vessels -Oct,Number Of Vessel (Direct Entrance) -Oct,Cargo Loaded -Oct,Cargo Unloaded -Oct,Number Of Vessels -Nov,Number Of Vessel (Direct Entrance) -Nov,Cargo Loaded -Nov,Cargo Unloaded -Nov,Number Of Vessels -Dec,Number Of Vessel (Direct Entrance) -Dec,Cargo Loaded -Dec,Cargo Unloaded -Dec
2016,1,103,100,19102,18628,133022,174832,1544,1503,9507,11699,1487,1457,8859,10287,1605,1562,10403,12903,1558,1524,10244,13272,1602,1556,10057,13535,1547,1508,10965,14197,1604,1562,11243,15044,1608,1565,10817,14679,1550,1510,11087,15484,1616,1572,12075,17456,1657,1622,13850,17879,1724,1687,13915,18397
2016,1,103,103,2781,2780,1316,2191,220,220,51,191,203,203,51,163,244,244,56,246,220,220,104,152,226,226,138,154,210,209,148,113,235,235,62,107,247,247,79,101,240,240,125,122,248,248,111,191,241,241,152,405,247,247,239,246
2016,1,103,105,4646,4643,4439,8421,383,383,243,716,370,370,339,391,390,389,313,627,373,373,348,791,391,389,442,559,367,367,404,540,387,387,385,568,399,399,322,702,390,390,340,833,408,408,448,1030,382,382,314,834,406,406,541,830
2016,1,103,106,1742,1742,1348,5009,142,142,144,354,133,133,110,369,150,150,151,467,151,151,107,572,154,154,119,398,145,145,42,339,153,153,87,395,156,156,126,325,139,139,110,246,142,142,128,401,136,136,111,448,141,141,113,695
2016,1,103,108,1776,1774,1496,7389,146,146,69,591,146,146,78,369,155,155,87,588,152,152,87,514,145,144,105,403,144,144,114,526,155,155,162,512,153,153,178,637,144,144,195,719,150,150,136,764,133,133,126,893,153,152,159,873
2016,1,103,110,365,365,63,48,31,31,2,1,29,29,0,2,31,31,3,2,30,30,27,23,31,31,5,2,30,30,3,2,31,31,1,3,30,30,2,6,30,30,3,2,31,31,4,2,30,30,5,1,31,31,8,2
2016,1,103,111,731,731,1635,4302,62,62,42,187,58,58,115,225,62,62,204,393,60,60,170,553,62,62,113,569,60,60,115,389,61,61,99,238,62,62,53,278,60,60,82,371,62,62,146,452,60,60,246,327,62,62,250,320
2016,1,103,112,1098,1098,11986,5271,93,93,612,227,87,87,587,299,93,93,713,342,90,90,992,325,93,93,1171,276,90,90,1193,337,93,93,1062,334,93,93,1150,367,90,90,1115,722,93,93,1220,895,90,90,991,679,93,93,1180,468
2016,1,103,113,365,365,100,664,31,31,7,39,29,29,9,39,31,31,10,59,30,30,3,49,31,31,3,47,30,30,5,43,31,31,6,40,31,31,9,43,30,30,17,47,31,31,5,138,29,29,13,78,31,31,13,42
2016,1,103,117,697,696,905,170,62,62,42,3,58,58,23,3,62,62,41,4,61,61,61,1,61,60,25,5,61,61,37,10,60,60,85,9,61,61,74,16,55,55,56,11,50,50,101,17,49,49,176,21,57,57,184,70
2016,1,103,118,366,366,2734,1254,30,30,163,45,29,29,237,31,31,31,269,87,30,30,255,55,31,31,192,64,30,30,273,99,31,31,221,89,31,31,143,53,30,30,219,165,31,31,254,301,31,31,249,169,31,31,259,96
2016,1,103,140,365,365,2732,2128,31,31,139,68,29,29,181,232,31,31,202,205,30,30,214,180,31,31,232,97,29,29,236,115,31,31,242,140,31,31,244,173,30,30,240,135,31,31,272,280,30,30,270,278,31,31,260,225
2016,1,103,147,364,364,4022,3136,31,31,336,157,29,29,352,274,31,31,372,343,31,31,366,190,31,31,313,135,30,30,313,150,31,31,240,208,30,30,284,229,30,30,385,232,31,31,371,359,30,30,348,479,29,29,342,380
2016,1,103,205,361,361,4595,4279,29,29,233,286,29,29,298,329,31,31,443,381,30,30,430,348,31,31,415,325,30,30,431,310,31,31,407,369,31,31,367,361,30,30,384,373,31,31,466,471,30,30,387,389,28,28,334,337
2016,1,103,210,487,487,5823,5716,35,35,323,334,27,27,299,259,37,37,325,288,43,43,538,346,44,44,424,355,41,41,495,414,44,44,427,472,44,44,436,519,41,41,592,578,46,46,643,652,41,41,629,800,44,44,692,699
2016,1,103,213,665,664,7998,7703,42,42,497,435,44,44,506,577,59,58,625,644,60,60,637,571,62,62,715,606,60,60,724,594,62,62,713,647,61,61,639,655,60,60,811,714,62,62,834,876,48,48,648,711,45,45,649,673
2016,1,103,224,1,1,0,7,0,0,0,0,1,1,0,7,0,0,0,0,0,0,0,0,0,0,0,0,0,0,0,0,0,0,0,0,0,0,0,0,0,0,0,0,0,0,0,0,0,0,0,0,0,0,0,0
2016,1,103,302,369,367,3691,2243,31,31,240,183,30,30,273,167,31,31,283,206,30,30,267,204,31,30,204,77,30,30,333,131,31,31,270,214,31,31,226,112,30,30,351,125,31,30,407,207,30,30,463,250,33,33,374,367
2016,1,103,304,1501,1496,9128,2833,91,91,357,85,106,106,360,227,124,124,525,232,122,122,715,228,125,125,732,291,122,122,798,169,125,123,682,180,124,124,694,171,121,121,661,141,127,126,951,423,149,147,1307,398,165,165,1346,288
2016,1,103,601,366,365,1926,999,31,31,148,26,29,29,147,37,31,31,151,35,30,30,143,95,31,31,166,118,30,30,181,89,31,31,158,110,31,30,166,95,30,30,151,94,31,31,175,126,30,30,180,115,31,31,160,59
2016,1,104,100,38678,38035,507328,562290,3141,3088,35462,40832,2943,2911,31749,36784,3253,3203,41104,47282,3155,3074,40670,45973,3276,3223,40844,45307,3185,3141,43522,46915,3319,3263,44032,49136,3313,3246,43727,48264,3272,3223,45770,49338,3334,3279,47389,51835,3199,3151,45722,49533,3288,3233,47337,51091
2016,1,104,103,7697,7695,45372,41792,520,520,2976,3062,494,494,3317,3261,561,561,4017,3939,569,567,4090,3288,636,636,3481,3093,579,579,3975,3293,691,691,3848,3294,753,753,3595,3184,718,718,3751,3497,734,734,4110,4174,708,708,3825,3969,734,734,4387,3738
2016,1,104,105,5446,5441,13809,19996,458,458,1155,1439,439,439,1013,1204,469,469,1180,1746,448,446,1034,1667,469,469,1058,1345,439,439,1125,1581,459,458,1125,1767,456,455,1000,1574,445,444,1162,2094,457,457,1248,1955,446,446,1315,1868,461,461,1394,1756
2016,1,104,106,4871,4871,27731,32067,409,409,2095,2604,415,415,1836,2124,428,428,2243,3132,428,428,2720,2664,443,443,2654,2595,423,423,2346,2681,410,410,2334,2800,411,411,2127,2315,390,390,2397,2657,386,386,2498,2978,377,377,2110,2705,351,351,2371,2812
2016,1,104,107,193,193,187,80,13,13,15,6,13,13,11,3,0,0,0,0,13,13,9,8,13,13,12,4,17,17,16,4,32,32,18,2,31,31,21,17,21,21,13,9,14,14,18,8,13,13,34,13,13,13,20,6
2016,1,104,108,3613,3607,45283,60522,270,270,3252,4821,252,252,3061,3603,281,281,3861,5090,261,258,3512,4878,256,255,3124,4313,257,257,3470,4531,332,332,3997,5346,319,317,3607,5167,311,311,3970,5441,329,329,4113,5563,350,350,4431,5835,395,395,4885,5934
2016,1,104,110,1367,1366,6324,6503,124,124,408,372,116,116,330,354,125,125,461,552,108,107,457,541,106,106,471,511,104,104,595,542,124,124,594,632,124,124,502,578,120,120,619,582,106,106,667,656,104,104,567,556,106,106,653,627
2016,1,104,111,1730,1728,8924,15059,158,158,605,1003,145,145,611,1186,155,155,765,1482,150,149,731,1183,151,151,592,1187,101,101,679,1135,134,134,881,1184,141,140,690,1295,135,135,763,1261,155,155,844,1481,150,150,866,1387,155,155,897,1275
2016,1,104,112,1634,1634,9270,12798,124,124,647,767,116,116,732,802,124,124,818,1042,120,120,666,918,124,124,684,882,120,120,818,1017,135,135,742,992,155,155,703,1037,150,150,746,1247,155,155,887,1549,150,150,882,1399,161,161,945,1146
2016,1,104,113,655,655,3374,5584,58,58,336,567,55,55,289,487,60,60,422,683,60,60,386,684,53,53,194,517,51,51,247,476,53,53,261,368,53,53,200,349,52,52,259,326,54,54,261,390,50,50,247,375,56,56,272,362
2016,1,104,117,2023,2021,4118,4186,174,174,315,263,161,161,312,275,173,173,347,329,169,168,350,388,174,174,281,373,167,167,336,357,173,173,380,319,172,171,359,344,164,164,389,352,164,164,380,376,162,162,359,362,170,170,310,448
2016,1,104,118,365,365,2532,3355,31,31,132,297,29,29,161,220,30,30,213,360,30,30,306,227,31,31,185,254,30,30,176,289,31,31,248,288,31,31,194,237,30,30,239,269,31,31,289,272,30,30,188,268,31,31,201,374
2016,1,104,123,208,208,1499,1210,18,18,114,83,17,17,128,123,17,17,141,135,17,17,164,82,17,17,95,84,17,17,147,78,18,18,125,104,18,18,109,114,16,16,111,93,19,19,133,108,17,17,119,93,17,17,113,113
2016,1,104,124,103,102,12,232,9,9,2,13,7,7,3,13,8,8,1,16,9,9,2,14,9,9,0,14,8,8,2,15,9,9,1,23,9,8,0,21,9,9,1,19,9,9,0,38,8,8,0,19,9,9,0,27
2016,1,104,125,211,211,2150,2062,18,18,150,225,17,17,169,240,17,17,221,210,18,18,170,210,19,19,153,187,17,17,155,156,18,18,194,136,17,17,181,154,17,17,178,140,19,19,201,147,16,16,182,103,18,18,196,154
2016,1,104,126,53,53,0,0,0,0,0,0,3,3,0,0,22,22,0,0,19,19,0,0,9,9,0,0,0,0,0,0,0,0,0,0,0,0,0,0,0,0,0,0,0,0,0,0,0,0,0,0,0,0,0,0
2016,1,104,129,366,365,200,404,31,31,15,33,29,29,11,16,31,31,16,24,30,29,15,39,31,31,16,37,30,30,16,32,31,31,19,29,31,31,16,23,30,30,21,35,31,31,19,48,30,30,17,44,31,31,19,44
2016,1,104,140,366,366,4667,4269,31,31,330,332,29,29,364,370,31,31,382,340,30,30,404,344,31,31,378,322,30,30,430,323,31,31,408,353,31,31,362,356,30,30,404,344,31,31,387,366,30,30,422,406,31,31,396,413
2016,1,104,147,735,733,9675,10433,63,63,749,889,58,58,816,1034,63,63,857,990,60,59,860,751,62,62,823,745,60,60,833,879,62,62,715,727,62,61,637,727,60,60,823,666,63,63,800,1041,60,60,906,1019,62,62,856,965
2016,1,104,152,46,46,8,14,0,0,0,0,0,0,0,0,3,3,0,0,8,8,0,0,8,8,0,0,4,4,0,1,4,4,8,1,5,5,0,8,7,7,0,2,7,7,0,2,0,0,0,0,0,0,0,0
2016,1,104,201,2,2,10,10,0,0,0,0,0,0,0,0,0,0,0,0,0,0,0,0,0,0,0,0,0,0,0,0,0,0,0,0,1,1,0,10,1,1,10,0,0,0,0,0,0,0,0,0,0,0,0,0
2016,1,104,202,91,91,1244,1417,9,9,118,121,6,6,89,104,6,6,79,77,10,10,131,154,10,10,133,134,7,7,111,115,7,7,76,96,6,6,54,99,6,6,75,106,10,10,141,173,8,8,134,132,6,6,103,106
2016,1,104,204,251,251,3387,3990,17,17,224,257,19,19,283,296,21,21,277,306,20,20,261,302,20,20,266,293,23,23,364,325,24,24,261,383,25,25,225,392,24,24,301,418,21,21,297,362,18,18,302,330,19,19,326,326
2016,1,104,205,358,358,3234,3124,25,25,249,222,29,29,325,310,31,31,335,273,30,30,232,237,31,31,226,228,30,30,269,242,31,31,255,223,31,31,250,253,30,30,257,253,31,31,292,311,30,30,287,277,29,29,257,295
2016,1,104,206,691,689,6529,6554,48,48,484,455,46,46,491,415,63,63,514,395,60,60,625,413,62,62,591,509,60,60,690,584,63,62,659,661,62,62,431,599,60,60,575,729,62,61,582,689,52,52,480,556,53,53,407,549
2016,1,104,207,384,384,5775,6687,30,30,456,525,29,29,461,468,31,31,521,504,30,30,553,591,31,31,502,583,32,32,567,648,35,35,642,705,36,36,601,797,34,34,408,523,35,35,411,559,30,30,353,387,31,31,300,397
2016,1,104,209,47,47,887,3893,4,4,69,234,2,2,35,165,4,4,44,307,5,5,157,347,4,4,87,277,4,4,86,290,5,5,110,427,1,1,23,46,4,4,61,376,5,5,83,499,4,4,74,408,5,5,58,517
2016,1,104,210,652,651,6268,4371,55,55,376,281,50,50,419,304,53,53,514,322,52,52,563,374,53,53,493,335,49,49,518,317,57,57,521,355,62,62,530,352,52,52,542,342,55,54,606,476,52,52,565,527,62,62,621,386
2016,1,104,213,441,440,16525,16043,32,32,1298,1032,35,35,1449,1384,43,43,1630,1800,39,39,1450,1458,34,33,1135,916,36,36,1246,1055,35,35,1237,1142,32,32,1061,920,38,38,1636,1434,40,40,1507,1577,42,42,1595,2031,35,35,1281,1294
2016,1,104,215,362,362,3242,3813,29,29,278,302,29,29,233,332,31,31,239,357,30,30,291,299,30,30,248,274,30,30,283,286,31,31,265,291,31,31,217,312,30,30,315,338,31,31,299,358,30,30,325,344,30,30,249,320
2016,1,104,218,32,32,44,132,0,0,0,0,0,0,0,0,0,0,0,0,0,0,0,0,0,0,0,0,0,0,0,0,0,0,0,0,0,0,0,0,0,0,0,0,6,6,16,35,13,13,19,46,13,13,9,51
2016,1,104,222,362,362,9544,8810,30,30,861,722,29,29,1077,771,31,31,1163,791,31,31,1071,827,31,31,641,573,30,30,723,652,31,31,699,695,31,31,577,660,32,32,686,739,31,31,751,816,29,29,742,862,26,26,553,702
2016,1,104,223,152,152,1051,996,8,8,35,33,13,13,73,80,13,13,59,75,13,13,83,72,13,13,100,67,13,13,77,70,13,13,72,94,13,13,57,81,13,13,132,88,14,14,142,117,12,12,115,95,14,14,106,124
2016,1,104,224,63,62,76,32,0,0,0,0,0,0,0,0,0,0,0,0,0,0,0,0,5,4,11,0,5,5,0,0,9,9,0,4,10,10,0,18,10,10,0,4,10,10,65,0,5,5,0,6,9,9,0,0
2016,1,104,225,197,197,2027,2114,17,17,183,181,16,16,215,206,23,23,232,278,22,22,226,241,28,28,260,294,26,26,324,285,30,30,288,295,31,31,267,287,4,4,32,47,0,0,0,0,0,0,0,0,0,0,0,0
2016,1,104,234,374,374,1862,3173,37,37,121,178,33,33,115,241,31,31,89,214,30,30,103,196,31,31,69,220,29,29,108,169,30,30,116,202,31,31,218,286,30,30,238,372,31,31,378,494,30,30,163,330,31,31,144,271
2016,1,104,302,807,804,6274,5429,45,45,266,268,41,41,304,247,45,45,330,310,47,45,308,275,88,88,565,364,89,89,689,661,93,93,669,790,93,92,617,503,90,90,809,703,89,89,864,651,43,43,439,356,44,44,414,301
2016,1,104,304,17011,16001,202289,218338,1473,1401,15266,17647,1375,1310,13750,15650,1495,1414,16720,19561,1407,1302,17521,17798,1458,1364,16944,17352,1428,1330,17685,18067,1446,1347,17200,18581,1478,1379,16686,17791,1442,1346,17226,19030,1413,1351,18091,19195,1263,1195,17000,18397,1333,1262,18200,19269
2016,1,104,305,103,103,1117,61,0,0,0,0,0,0,0,0,17,17,191,6,0,0,0,0,0,0,0,0,0,0,0,0,22,22,227,8,22,22,221,15,21,21,231,32,0,0,0,0,21,21,247,0,0,0,0,0
2016,1,104,314,840,839,14940,18053,66,66,1041,1034,66,66,1236,1365,74,74,1375,1898,69,68,1389,1474,74,74,1098,1369,70,70,1514,1586,72,72,1431,1479,70,70,934,1334,67,67,1137,1425,72,72,1331,1739,71,71,1293,1727,69,69,1161,1623
2016,1,104,538,156,156,146,609,14,14,5,39,12,12,5,30,13,13,26,54,13,13,13,21,13,13,7,36,13,13,22,22,14,14,10,28,13,13,15,48,13,13,19,56,12,12,6,85,13,13,8,109,13,13,10,81
2016,1,104,601,1182,1182,2972,2253,111,111,177,112,105,105,201,182,108,108,234,194,91,91,226,266,88,88,199,158,80,80,258,194,89,89,255,217,102,102,273,185,89,89,280,169,95,95,255,196,99,99,262,171,125,125,352,209
2016,1,104,602,78,78,7,14,5,5,0,2,4,4,0,1,4,4,0,0,5,5,0,0,4,4,0,2,4,4,1,2,8,8,1,1,9,9,1,1,8,8,1,1,9,9,1,1,9,9,1,1,9,9,1,2
2016,1,104,606,430,429,2535,5323,44,44,136,680,42,42,151,611,43,43,160,656,39,38,185,445,33,33,277,295,30,30,285,298,31,31,201,262,31,31,195,227,30,30,196,253,31,31,272,441,30,30,243,536,46,46,234,619
2016,1,104,619,105,105,640,37,9,9,45,3,9,9,55,1,8,8,51,3,9,9,48,3,9,9,29,1,8,8,53,2,9,9,65,3,9,9,38,1,8,8,51,6,10,10,84,6,8,8,62,2,9,9,59,6
2016,1,124,103,244,244,152,55,21,21,14,4,21,21,12,4,22,22,15,5,21,21,16,5,23,23,15,4,21,21,10,4,22,22,5,4,23,23,1,4,23,23,12,3,20,20,20,6,13,13,17,5,14,14,15,7
2016,1,124,105,279,279,0,17,27,27,0,0,27,27,0,0,20,20,0,2,22,22,0,3,20,20,0,3,19,19,0,2,33,33,0,0,30,30,0,0,21,21,0,0,22,22,0,2,22,22,0,3,16,16,0,2
2016,1,124,106,1,1,0,0,0,0,0,0,0,0,0,0,0,0,0,0,0,0,0,0,0,0,0,0,0,0,0,0,0,0,0,0,0,0,0,0,0,0,0,0,0,0,0,0,1,1,0,0,0,0,0,0
2016,1,910,100,8,5,0,0,0,0,0,0,8,5,0,0,0,0,0,0,0,0,0,0,0,0,0,0,0,0,0,0,0,0,0,0,0,0,0,0,0,0,0,0,0,0,0,0,0,0,0,0,0,0,0,0
2016,1,910,103,2,0,0,0,0,0,0,0,0,0,0,0,2,0,0,0,0,0,0,0,0,0,0,0,0,0,0,0,0,0,0,0,0,0,0,0,0,0,0,0,0,0,0,0,0,0,0,0,0,0,0,0
2016,1,910,304,3,3,0,0,0,0,0,0,0,0,0,0,0,0,0,0,3,3,0,0,0,0,0,0,0,0,0,0,0,0,0,0,0,0,0,0,0,0,0,0,0,0,0,0,0,0,0,0,0,0,0,0
2016,2,247,105,472,471,0,299,49,48,0,18,45,45,0,11,48,48,0,28,50,50,0,42,38,38,0,19,33,33,0,19,47,47,0,23,40,40,0,30,35,35,0,27,35,35,0,31,25,25,0,25,27,27,0,26
2016,2,247,106,100,100,0,0,0,0,0,0,0,0,0,0,10,10,0,0,17,17,0,0,18,18,0,0,17,17,0,0,18,18,0,0,17,17,0,0,3,3,0,0,0,0,0,0,0,0,0,0,0,0,0,0
2016,2,265,103,292,292,149,25,18,18,4,1,17,17,1,1,17,17,2,1,17,17,3,2,18,18,4,1,22,22,17,2,31,31,38,2,29,29,17,1,30,30,21,3,31,31,21,1,30,30,11,4,32,32,10,6
2016,2,265,105,104,104,0,0,9,9,0,0,8,8,0,0,9,9,0,0,8,8,0,0,9,9,0,0,9,9,0,0,9,9,0,0,9,9,0,0,8,8,0,0,9,9,0,0,9,9,0,0,8,8,0,0
2016,2,265,106,253,253,8,0,9,9,2,0,8,8,0,0,9,9,3,0,8,8,2,0,9,9,1,0,10,10,0,0,27,27,0,0,26,26,0,0,26,26,0,0,44,44,0,0,41,41,0,0,36,36,0,0
2016,2,265,238,1,1,0,5,0,0,0,0,0,0,0,0,0,0,0,0,0,0,0,0,0,0,0,0,0,0,0,0,1,1,0,5,0,0,0,0,0,0,0,0,0,0,0,0,0,0,0,0,0,0,0,0
2016,2,265,304,102,102,0,0,9,9,0,0,8,8,0,0,9,9,0,0,6,6,0,0,9,9,0,0,9,9,0,0,9,9,0,0,8,8,0,0,9,9,0,0,9,9,0,0,8,8,0,0,9,9,0,0
2016,3,321,103,322,322,0,7,31,31,0,1,29,29,0,0,30,30,0,2,26,26,0,0,26,26,0,0,26,26,0,1,26,26,0,0,22,22,0,0,22,22,0,1,23,23,0,0,30,30,0,0,31,31,0,2
2016,3,321,105,341,340,0,39,29,29,0,12,29,29,0,8,31,31,0,15,26,26,0,2,28,28,0,0,28,27,0,0,27,27,0,0,31,31,0,0,28,28,0,0,28,28,0,1,28,28,0,1,28,28,0,0
2016,3,321,106,74,74,0,0,0,0,0,0,0,0,0,0,2,2,0,0,0,0,0,0,0,0,0,0,0,0,0,0,8,8,0,0,13,13,0,0,13,13,0,0,12,12,0,0,12,12,0,0,14,14,0,0
2016,3,321,108,155,155,0,0,0,0,0,0,0,0,0,0,4,4,0,0,30,30,0,0,28,28,0,0,30,30,0,0,19,19,0,0,9,9,0,0,9,9,0,0,9,9,0,0,8,8,0,0,9,9,0,0
2016,3,347,100,2,1,0,0,0,0,0,0,0,0,0,0,0,0,0,0,0,0,0,0,0,0,0,0,0,0,0,0,0,0,0,0,0,0,0,0,0,0,0,0,0,0,0,0,0,0,0,0,2,1,0,0
2016,3,347,103,260,260,7,23,22,22,1,3,21,21,1,1,22,22,3,2,21,21,1,3,23,23,0,1,20,20,1,2,22,22,0,3,22,22,0,2,21,21,0,5,23,23,0,1,21,21,0,0,22,22,0,0
2016,3,347,105,598,598,21,61,50,50,8,4,49,49,3,3,49,49,2,8,48,48,1,7,52,52,0,2,48,48,2,3,53,53,1,2,53,53,2,10,50,50,0,6,52,52,1,5,47,47,1,5,47,47,0,6
2016,3,347,106,447,447,83,24,39,39,3,1,40,40,7,0,40,40,8,2,39,39,13,2,41,41,7,5,35,35,3,2,39,39,1,1,37,37,2,1,36,36,4,6,39,39,7,2,30,30,13,1,32,32,15,1
2016,3,347,108,239,238,0,0,19,19,0,0,21,20,0,0,23,23,0,0,21,21,0,0,21,21,0,0,22,22,0,0,22,22,0,0,20,20,0,0,22,22,0,0,21,21,0,0,13,13,0,0,14,14,0,0
2016,3,351,103,155,155,0,0,13,13,0,0,12,12,0,0,13,13,0,0,13,13,0,0,13,13,0,0,12,12,0,0,14,14,0,0,13,13,0,0,13,13,0,0,13,13,0,0,13,13,0,0,13,13,0,0
2016,3,351,108,32,32,0,0,0,0,0,0,0,0,0,0,0,0,0,0,0,0,0,0,0,0,0,0,0,0,0,0,0,0,0,0,0,0,0,0,5,5,0,0,9,9,0,0,9,9,0,0,9,9,0,0
2016,3,365,103,176,176,0,0,14,14,0,0,12,12,0,0,13,13,0,0,13,13,0,0,13,13,0,0,12,12,0,0,14,14,0,0,13,13,0,0,13,13,0,0,17,17,0,0,22,22,0,0,20,20,0,0
2016,3,365,105,209,209,0,0,18,18,0,0,16,16,0,0,18,18,0,0,17,17,0,0,18,18,0,0,17,17,0,0,18,18,0,0,17,17,0,0,18,18,0,0,17,17,0,0,17,17,0,0,18,18,0,0
2016,3,365,106,285,284,0,0,17,17,0,0,16,16,0,0,21,21,0,0,25,24,0,0,26,26,0,0,24,24,0,0,26,26,0,0,26,26,0,0,26,26,0,0,28,28,0,0,32,32,0,0,18,18,0,0
2016,3,365,108,93,93,0,0,0,0,0,0,0,0,0,0,0,0,0,0,0,0,0,0,0,0,0,0,0,0,0,0,11,11,0,0,13,13,0,0,17,17,0,0,18,18,0,0,17,17,0,0,17,17,0,0
2016,3,376,103,116,116,0,0,14,14,0,0,12,12,0,0,13,13,0,0,13,13,0,0,14,14,0,0,12,12,0,0,14,14,0,0,13,13,0,0,11,11,0,0,0,0,0,0,0,0,0,0,0,0,0,0
2016,3,376,105,95,95,0,0,7,7,0,0,9,9,0,0,8,8,0,0,6,6,0,0,9,9,0,0,7,7,0,0,9,9,0,0,7,7,0,0,8,8,0,0,9,9,0,0,7,7,0,0,9,9,0,0
2016,4,404,100,11518,10743,45880,50758,916,859,3717,3599,875,820,2908,3053,935,862,3793,4417,947,883,3800,3812,979,929,3294,3443,973,910,3537,3529,986,920,3676,4126,985,914,3957,4288,958,889,4440,4693,980,916,4310,5066,987,916,4100,5145,997,925,4348,5587
2016,4,404,103,12461,12461,33010,29743,1040,1040,2200,2247,980,980,2334,2158,1044,1044,2608,2652,988,988,2655,2571,1017,1017,2700,2258,985,985,2986,2227,1047,1047,2819,2313,1063,1063,2656,2285,1028,1028,3074,2707,1057,1057,3061,3002,1075,1075,2852,2878,1137,1137,3065,2445
2016,4,404,105,14652,14651,21792,39826,1202,1202,1651,2286,1195,1195,1092,1803,1238,1238,1895,3291,1234,1233,1899,3264,1232,1232,1620,2688,1177,1177,1704,3070,1283,1283,1985,3392,1289,1289,1777,3140,1189,1189,1891,3726,1200,1200,1751,4046,1180,1180,2112,4552,1233,1233,2415,4568
2016,4,404,106,6349,6348,41826,41522,491,491,2688,2851,554,554,2549,2760,570,570,3204,3766,577,576,3316,3238,501,501,3332,3075,502,502,3119,3428,584,584,3135,3107,542,542,3526,3156,527,527,4523,3747,527,527,4382,3987,505,505,3854,4074,469,469,4198,4333
2016,4,404,108,4236,4236,35525,45126,332,332,2470,3536,327,327,2209,2593,367,367,2861,4113,343,343,3011,3738,327,327,2778,3094,337,337,2812,3490,357,357,2825,3706,376,376,3304,3719,340,340,3359,3863,382,382,3320,4143,352,352,3228,4492,396,396,3348,4639
2016,4,404,110,736,736,3129,3303,64,64,159,213,59,59,143,192,62,62,205,284,61,61,258,308,62,62,205,217,60,60,261,240,62,62,257,294,62,62,191,269,60,60,224,274,62,62,278,285,60,60,423,348,62,62,525,379
2016,4,404,111,1100,1099,6115,9433,94,93,466,725,87,87,471,839,93,93,500,847,90,90,448,736,93,93,434,658,90,90,513,668,93,93,494,782,94,94,487,808,90,90,573,787,93,93,552,810,90,90,566,899,93,93,611,874
2016,4,404,112,1825,1825,10275,8304,149,149,773,515,149,149,844,560,158,158,868,761,148,148,892,652,151,151,849,755,146,146,821,623,161,161,861,659,150,150,750,737,145,145,941,680,151,151,874,807,154,154,932,780,163,163,870,775
2016,4,404,113,771,771,2624,5445,61,61,184,439,58,58,165,390,62,62,175,542,60,60,192,423,62,62,209,399,63,63,248,408,66,66,228,427,63,63,238,461,61,61,250,482,67,67,240,460,73,73,264,500,75,75,231,514
2016,4,404,117,1164,1164,3342,1533,85,85,174,120,78,78,169,110,85,85,227,140,81,81,276,128,85,85,242,98,87,87,305,131,114,114,241,131,115,115,227,115,103,103,349,111,112,112,391,147,107,107,377,152,112,112,364,150
2016,4,404,118,518,518,2264,2631,43,43,129,203,39,39,151,158,42,42,115,230,43,43,213,210,44,44,218,193,43,43,253,181,45,45,205,184,46,46,155,230,41,41,160,201,45,45,223,280,43,43,218,278,44,44,224,283
2016,4,404,123,155,155,1156,821,13,13,56,118,12,12,76,67,14,14,103,95,13,13,97,55,13,13,86,45,13,13,108,46,13,13,104,39,12,12,80,52,12,12,99,89,13,13,105,67,13,13,124,81,14,14,118,67
2016,4,404,129,370,370,274,646,33,33,17,24,29,29,16,19,31,31,18,56,30,30,20,54,31,31,19,41,30,30,21,51,31,31,26,68,31,31,23,66,30,30,29,64,31,31,25,66,30,30,26,70,33,33,34,67
2016,4,404,140,68,68,582,651,25,25,196,231,21,21,196,228,22,22,190,192,0,0,0,0,0,0,0,0,0,0,0,0,0,0,0,0,0,0,0,0,0,0,0,0,0,0,0,0,0,0,0,0,0,0,0,0
2016,4,404,147,368,367,6108,6251,31,31,549,592,29,29,574,620,33,32,503,552,30,30,522,523,31,31,450,445,30,30,473,436,31,31,470,453,31,31,412,475,30,30,494,348,31,31,559,553,30,30,552,606,31,31,550,648
2016,4,404,207,324,324,4514,5487,21,21,252,347,19,19,239,333,27,27,341,414,30,30,369,492,31,31,350,476,30,30,437,464,31,31,456,482,31,31,425,615,30,30,475,538,31,31,472,550,21,21,359,379,22,22,339,397
2016,4,404,209,101,100,3302,6719,9,9,197,489,6,6,228,463,10,9,237,586,8,8,264,414,9,9,231,518,9,9,311,489,9,9,260,548,6,6,219,459,9,9,393,613,9,9,330,758,8,8,257,647,9,9,375,735
2016,4,404,210,257,257,3147,1928,19,19,216,115,18,18,216,127,23,23,263,141,22,22,265,133,24,24,217,147,19,19,220,119,22,22,226,135,22,22,219,179,26,26,335,243,27,27,417,229,17,17,288,196,18,18,265,164
2016,4,404,213,316,316,2697,2688,19,19,164,126,21,21,198,222,23,23,201,171,30,30,232,247,31,31,277,211,30,30,262,252,31,31,275,248,31,31,240,296,30,30,278,294,31,31,259,289,19,19,163,176,20,20,148,156
2016,4,404,222,321,321,3442,3726,22,22,233,272,21,21,253,283,23,23,271,240,30,30,366,398,31,31,310,378,30,30,331,346,31,31,337,323,31,31,263,322,30,30,311,333,31,31,358,324,21,21,229,277,20,20,180,230
2016,4,404,224,2,2,27,0,0,0,0,0,1,1,27,0,0,0,0,0,0,0,0,0,1,1,0,0,0,0,0,0,0,0,0,0,0,0,0,0,0,0,0,0,0,0,0,0,0,0,0,0,0,0,0,0
2016,4,404,234,313,313,1541,1995,20,20,110,109,19,19,109,147,28,28,139,208,30,30,128,173,31,31,107,145,29,29,155,176,30,30,119,186,31,31,155,169,30,30,174,214,30,30,131,211,17,17,117,117,18,18,97,140
2016,4,404,246,1,1,0,59,0,0,0,0,1,1,0,59,0,0,0,0,0,0,0,0,0,0,0,0,0,0,0,0,0,0,0,0,0,0,0,0,0,0,0,0,0,0,0,0,0,0,0,0,0,0,0,0
2016,4,404,302,134,134,704,487,0,0,0,0,0,0,0,0,0,0,0,0,0,0,0,0,7,7,46,15,23,23,153,111,27,27,143,169,28,28,110,78,25,25,123,64,24,24,129,50,0,0,0,0,0,0,0,0
2016,4,404,304,5961,5214,103042,103574,483,435,8627,7988,423,381,6355,6033,499,443,9329,8813,503,428,9031,8427,519,441,8736,8410,514,436,8766,9052,520,444,8289,8637,529,452,8113,8569,512,439,8591,9030,501,447,8746,9397,480,436,9317,9621,478,432,9142,9597
2016,4,404,314,1,1,0,0,1,1,0,0,0,0,0,0,0,0,0,0,0,0,0,0,0,0,0,0,0,0,0,0,0,0,0,0,0,0,0,0,0,0,0,0,0,0,0,0,0,0,0,0,0,0,0,0
2016,4,404,501,1,0,0,0,0,0,0,0,0,0,0,0,0,0,0,0,1,0,0,0,0,0,0,0,0,0,0,0,0,0,0,0,0,0,0,0,0,0,0,0,0,0,0,0,0,0,0,0,0,0,0,0
2016,4,404,506,5,5,0,0,0,0,0,0,0,0,0,0,0,0,0,0,0,0,0,0,0,0,0,0,0,0,0,0,0,0,0,0,0,0,0,0,0,0,0,0,0,0,0,0,1,1,0,0,4,4,0,0
2016,4,404,601,256,256,139,116,22,22,12,7,21,21,11,8,22,22,16,11,21,21,13,8,19,19,4,7,17,17,6,21,19,19,14,7,25,25,13,9,21,21,9,4,22,22,22,5,20,20,11,4,27,27,8,25
2016,4,404,606,25,25,222,227,0,0,0,0,0,0,0,0,0,0,0,0,0,0,0,0,0,0,0,0,0,0,0,0,0,0,0,0,0,0,0,0,0,0,0,0,0,0,0,0,12,12,117,95,13,13,105,132
2016,4,404,618,112,112,0,133,13,13,0,24,11,11,0,11,9,9,0,2,8,8,0,19,9,9,0,10,9,9,0,12,8,8,0,12,10,10,0,13,8,8,0,7,9,9,0,10,8,8,0,10,10,10,0,3
2016,4,443,103,141,141,0,8,13,13,0,0,12,12,0,1,13,13,0,3,13,13,0,0,14,14,0,1,12,12,0,0,14,14,0,1,13,13,0,0,13,13,0,2,13,13,0,0,11,11,0,0,0,0,0,0
2016,4,443,105,199,199,0,0,15,15,0,0,16,16,0,0,18,18,0,0,18,18,0,0,17,17,0,0,15,15,0,0,17,17,0,0,18,18,0,0,14,14,0,0,18,18,0,0,17,17,0,0,16,16,0,0
2016,4,443,106,196,196,0,0,15,15,0,0,16,16,0,0,17,17,0,0,22,22,0,0,24,24,0,0,16,16,0,0,17,17,0,0,17,17,0,0,17,17,0,0,17,17,0,0,8,8,0,0,10,10,0,0
2016,4,453,100,7,7,0,34,0,0,0,0,0,0,0,0,7,7,0,34,0,0,0,0,0,0,0,0,0,0,0,0,0,0,0,0,0,0,0,0,0,0,0,0,0,0,0,0,0,0,0,0,0,0,0,0
2016,4,453,103,157,156,0,10,14,14,0,1,12,11,0,0,13,13,0,0,13,13,0,0,13,13,0,2,13,13,0,1,14,14,0,1,13,13,0,1,13,13,0,0,13,13,0,0,13,13,0,2,13,13,0,2
2016,4,453,105,208,206,0,14,17,17,0,1,17,16,0,0,17,17,0,2,17,16,0,5,18,18,0,2,17,17,0,0,18,18,0,0,17,17,0,0,18,18,0,1,18,18,0,2,16,16,0,1,18,18,0,0
2016,4,453,106,353,343,7,0,22,22,0,0,21,21,0,0,23,23,0,0,42,42,0,0,62,62,0,0,21,21,0,0,22,22,0,0,23,23,0,0,22,22,1,0,32,22,5,0,32,32,1,0,31,31,0,0
2016,4,453,150,21,21,1250,472,0,0,0,0,1,1,55,71,2,2,30,52,4,4,94,62,1,1,114,20,2,2,156,40,4,4,107,30,4,4,220,14,0,0,0,0,0,0,0,0,1,1,251,98,2,2,223,85
2016,4,453,209,152,152,4941,6294,12,12,410,430,10,10,332,512,13,13,380,669,14,14,541,526,12,12,342,422,13,13,453,439,14,14,350,509,13,13,409,435,13,13,400,500,12,12,360,517,13,13,465,729,13,13,499,606
2016,4,453,314,70,70,575,164,3,3,7,41,6,6,0,0,7,7,0,0,4,4,0,0,6,6,0,0,7,7,0,0,5,5,0,0,2,2,0,0,9,9,309,55,9,9,259,68,7,7,0,0,5,5,0,0
2016,5,502,100,3265,2971,12542,8003,270,245,964,679,256,237,852,676,276,248,1436,677,282,256,1116,691,288,267,783,540,286,262,960,572,271,245,980,637,265,238,1053,607,271,247,1028,720,277,255,1069,978,250,224,1147,590,273,247,1154,636
2016,5,502,103,2589,2589,8243,6081,221,221,583,398,211,211,644,397,228,228,801,519,220,220,834,571,224,224,676,406,218,218,785,458,226,226,627,513,220,220,595,387,216,216,654,488,224,224,653,603,189,189,736,786,192,192,655,555
2016,5,502,105,5346,5340,517,2613,464,462,41,134,451,451,29,139,456,454,33,245,444,444,51,279,449,449,36,181,427,427,42,191,464,463,43,212,467,466,38,287,424,424,49,278,448,448,52,248,423,423,45,170,429,429,58,249
2016,5,502,106,1149,1149,2830,2491,70,70,171,213,100,100,199,155,113,113,202,215,130,130,272,261,124,124,267,195,98,98,241,184,103,103,257,216,109,109,219,150,95,95,231,198,76,76,250,202,65,65,217,248,66,66,304,254
2016,5,502,108,1703,1702,7813,15508,146,146,632,1221,140,140,575,999,154,154,707,1406,140,140,545,1307,140,140,580,1149,140,140,626,1144,146,146,525,1267,142,141,602,1159,134,134,761,1381,142,142,761,1548,139,139,728,1452,140,140,771,1475
2016,5,502,110,575,575,15,108,49,49,0,12,45,45,0,5,49,49,0,6,47,47,7,6,49,49,0,10,47,47,1,12,49,49,2,13,48,48,0,8,47,47,0,8,49,49,2,9,47,47,2,6,49,49,1,13
2016,5,502,111,605,605,3157,4499,54,54,209,286,50,50,232,322,52,52,526,395,52,52,385,303,47,47,164,316,43,43,276,337,44,44,254,309,52,52,195,401,52,52,188,450,54,54,227,496,51,51,236,399,54,54,265,485
2016,5,502,112,370,370,3491,3310,31,31,194,198,29,29,194,218,31,31,332,264,30,30,362,247,31,31,231,187,30,30,274,171,31,31,267,217,31,31,254,290,30,30,308,253,35,35,372,704,30,30,375,303,31,31,328,258
2016,5,502,117,716,715,650,623,62,62,74,36,57,57,48,39,63,63,64,59,60,60,69,76,62,61,51,58,57,57,47,49,60,60,153,74,62,62,84,69,54,54,11,39,61,61,12,38,57,57,17,44,61,61,20,42
2016,5,502,147,366,365,1736,1278,31,31,110,98,29,29,108,114,31,31,149,110,30,30,115,80,31,31,118,91,30,30,123,115,31,31,128,88,31,31,147,96,29,29,133,119,31,31,210,138,31,30,223,126,31,31,172,103
2016,5,502,209,1,1,114,10,0,0,0,0,0,0,0,0,0,0,0,0,0,0,0,0,0,0,0,0,0,0,0,0,0,0,0,0,0,0,0,0,0,0,0,0,1,1,114,10,0,0,0,0,0,0,0,0
2016,5,502,213,154,154,1526,1177,14,14,135,78,12,12,130,120,14,14,143,110,12,12,128,90,14,14,145,94,13,13,148,101,13,13,84,110,13,13,114,83,13,13,143,79,13,13,131,109,12,12,126,110,11,11,99,93
2016,5,502,222,311,311,3852,3327,22,22,319,259,20,20,316,267,22,22,363,231,25,25,386,337,30,30,448,274,29,29,363,304,31,31,296,309,31,31,305,279,30,30,303,311,29,29,339,280,20,20,228,239,22,22,186,237
2016,5,502,224,14,12,240,104,1,1,23,0,2,2,122,0,1,1,20,0,1,1,8,0,0,0,0,0,4,3,6,0,2,2,51,32,1,0,0,0,1,1,10,0,0,0,0,0,0,0,0,0,1,1,0,72
2016,5,502,238,2,2,40,0,1,1,20,0,0,0,0,0,0,0,0,0,0,0,0,0,0,0,0,0,1,1,20,0,0,0,0,0,0,0,0,0,0,0,0,0,0,0,0,0,0,0,0,0,0,0,0,0
2016,5,502,304,2307,2051,38354,28914,211,192,2864,2185,193,173,2727,2025,206,184,3144,2452,189,168,3542,2634,193,172,3455,2503,188,166,3525,2640,190,169,3070,2450,196,173,2971,2452,187,165,3237,2505,191,170,3681,2629,177,155,3029,2196,186,164,3109,2243
2016,5,502,314,5,4,254,0,0,0,0,0,0,0,0,0,1,1,72,0,0,0,0,0,1,1,70,0,0,0,0,0,1,0,0,0,0,0,0,0,0,0,0,0,1,1,109,0,1,1,3,0,0,0,0,0
2016,5,502,549,1,1,21,0,0,0,0,0,0,0,0,0,0,0,0,0,0,0,0,0,0,0,0,0,0,0,0,0,0,0,0,0,1,1,21,0,0,0,0,0,0,0,0,0,0,0,0,0,0,0,0,0
2016,5,524,103,179,179,0,0,13,13,0,0,13,13,0,0,13,13,0,0,13,13,0,0,13,13,0,0,13,13,0,0,13,13,0,0,13,13,0,0,13,13,0,0,18,18,0,0,21,21,0,0,23,23,0,0
2016,5,524,105,930,923,0,11,93,92,0,0,98,97,0,0,89,89,0,0,78,76,0,0,83,83,0,0,81,81,0,2,85,84,0,0,93,92,0,0,63,63,0,7,58,57,0,2,54,54,0,0,55,55,0,0
2016,5,524,106,210,210,1,104,18,18,1,9,16,16,0,9,18,18,0,12,17,17,0,8,19,19,0,6,16,16,0,10,18,18,0,9,17,17,0,7,16,16,0,9,17,17,0,10,17,17,0,7,21,21,0,8
2016,5,910,100,53,43,0,0,9,8,0,0,24,21,0,0,4,2,0,0,0,0,0,0,2,2,0,0,9,5,0,0,2,2,0,0,1,1,0,0,0,0,0,0,1,1,0,0,1,1,0,0,0,0,0,0
2016,6,605,100,78,17,0,0,32,1,0,0,30,0,0,0,2,2,0,0,2,2,0,0,0,0,0,0,3,3,0,0,1,1,0,0,1,1,0,0,0,0,0,0,2,2,0,0,3,3,0,0,2,2,0,0
2016,6,605,103,7463,7462,10504,10587,622,622,882,735,595,595,780,845,619,619,1006,976,541,541,668,807,465,465,767,792,491,491,806,778,593,593,884,702,630,630,760,700,690,690,760,700,709,709,915,1021,729,728,1095,1300,779,779,1181,1231
2016,6,605,105,2686,2684,564,1137,246,246,42,69,234,234,38,67,244,244,48,110,250,250,44,93,228,227,47,72,216,215,53,77,205,205,44,109,216,216,53,123,209,209,53,123,212,212,48,92,210,210,45,93,216,216,49,109
2016,6,605,106,1918,1916,5382,7641,132,132,443,508,167,167,360,514,176,176,370,568,182,182,448,587,169,169,419,499,166,166,423,649,173,173,464,622,176,176,439,514,168,167,439,514,139,139,506,857,133,132,515,898,137,137,556,911
2016,6,605,108,1498,1498,2741,5353,124,124,306,314,117,117,250,344,125,125,298,455,119,119,261,606,125,125,222,477,116,116,213,442,124,124,204,396,122,122,190,338,131,131,190,338,136,136,198,572,127,127,187,537,132,132,222,534
2016,6,605,110,288,288,35,36,29,29,2,2,26,26,2,4,25,25,3,3,17,17,3,3,18,18,2,2,17,17,4,3,18,18,4,5,26,26,2,3,26,26,2,3,29,29,3,2,29,29,4,3,28,28,4,3
2016,6,605,111,368,368,1029,3926,32,32,76,322,29,29,73,322,31,31,111,357,30,30,69,314,31,31,81,246,30,30,80,286,31,31,86,344,31,31,67,339,30,30,67,339,31,31,100,355,30,30,106,320,32,32,113,382
2016,6,605,112,617,617,2363,2999,62,62,189,185,58,58,177,210,62,62,149,268,60,60,167,253,59,59,166,245,51,51,223,250,62,62,236,201,58,58,193,252,52,52,193,252,32,32,223,295,30,30,235,287,31,31,212,301
2016,6,605,117,513,513,169,377,44,44,10,19,41,41,11,17,45,45,13,20,43,43,9,17,45,45,12,24,43,43,17,29,44,44,18,33,44,44,13,33,42,42,13,33,40,40,13,49,39,39,16,49,43,43,24,54
2016,6,605,129,155,155,38,8,0,0,0,0,0,0,0,0,4,4,0,0,16,16,5,0,18,18,6,0,16,16,4,0,18,18,4,0,17,17,4,0,13,13,4,0,16,16,5,3,15,15,2,0,22,22,4,5
2016,6,605,207,1,1,0,2,1,1,0,2,0,0,0,0,0,0,0,0,0,0,0,0,0,0,0,0,0,0,0,0,0,0,0,0,0,0,0,0,0,0,0,0,0,0,0,0,0,0,0,0,0,0,0,0
2016,6,605,222,66,66,464,554,0,0,0,0,0,0,0,0,0,0,0,0,0,0,0,0,10,10,86,75,12,12,95,110,14,14,113,102,13,13,69,111,13,13,69,111,4,4,32,45,0,0,0,0,0,0,0,0
2016,6,605,304,638,638,1738,171,54,54,120,15,50,50,112,13,53,53,88,7,51,51,81,2,53,53,123,1,52,52,123,3,53,53,177,7,62,62,204,14,52,52,204,14,53,53,193,42,51,51,165,23,54,54,148,30
2016,6,606,100,54,53,1017,75,3,3,60,0,3,3,57,0,4,4,89,0,5,5,60,0,4,4,99,0,4,4,90,0,5,5,114,2,3,3,85,1,4,4,63,0,7,6,88,1,7,7,102,64,5,5,110,7
2016,6,606,103,47,47,3,375,1,1,3,90,1,1,0,92,0,0,0,0,0,0,0,0,0,0,0,0,0,0,0,0,0,0,0,0,0,0,0,0,0,0,0,0,1,1,0,90,0,0,0,0,44,44,0,103
2016,6,606,105,18,18,0,0,0,0,0,0,0,0,0,0,0,0,0,0,0,0,0,0,0,0,0,0,0,0,0,0,0,0,0,0,0,0,0,0,0,0,0,0,1,1,0,0,8,8,0,0,9,9,0,0
2016,6,606,112,1,1,0,105,0,0,0,0,0,0,0,0,1,1,0,105,0,0,0,0,0,0,0,0,0,0,0,0,0,0,0,0,0,0,0,0,0,0,0,0,0,0,0,0,0,0,0,0,0,0,0,0
2016,6,606,228,1,0,64,0,0,0,0,0,0,0,0,0,0,0,0,0,0,0,0,0,0,0,0,0,1,0,64,0,0,0,0,0,0,0,0,0,0,0,0,0,0,0,0,0,0,0,0,0,0,0,0,0
2016,6,606,304,6,6,0,545,2,2,0,189,2,2,0,171,0,0,0,0,1,1,0,86,0,0,0,0,0,0,0,0,0,0,0,0,0,0,0,0,1,1,0,99,0,0,0,0,0,0,0,0,0,0,0,0
2016,6,661,103,210,210,0,0,28,28,0,0,31,31,0,0,18,18,0,0,11,11,0,0,0,0,0,0,17,17,0,0,17,17,0,0,18,18,0,0,17,17,0,0,18,18,0,0,17,17,0,0,18,18,0,0
2016,6,671,103,160,160,0,0,14,14,0,0,12,12,0,0,13,13,0,0,12,12,0,0,13,13,0,0,13,13,0,0,13,13,0,0,13,13,0,0,13,13,0,0,13,13,0,0,13,13,0,0,18,18,0,0
2016,6,671,106,142,142,0,0,12,12,0,0,13,13,0,0,13,13,0,0,13,13,0,0,13,13,0,0,11,11,0,0,11,11,0,0,14,14,0,0,11,11,0,0,13,13,0,0,9,9,0,0,9,9,0,0
2016,6,671,108,105,105,0,0,9,9,0,0,8,8,0,0,9,9,0,0,9,9,0,0,8,8,0,0,9,9,0,0,9,9,0,0,9,9,0,0,8,8,0,0,9,9,0,0,9,9,0,0,9,9,0,0
2016,7,704,103,41,41,0,0,0,0,0,0,0,0,0,0,0,0,0,0,0,0,0,0,0,0,0,0,0,0,0,0,0,0,0,0,0,0,0,0,0,0,0,0,7,7,0,0,17,17,0,0,17,17,0,0
2016,7,704,105,107,107,27,0,7,7,3,0,11,11,0,0,8,8,5,0,9,9,3,0,9,9,3,0,8,8,0,0,9,9,1,0,9,9,1,0,9,9,2,0,10,10,2,0,9,9,5,0,9,9,2,0
2016,7,730,103,144,144,0,0,13,13,0,0,12,12,0,0,13,13,0,0,12,12,0,0,0,0,0,0,12,12,0,0,13,13,0,0,13,13,0,0,13,13,0,0,13,13,0,0,13,13,0,0,17,17,0,0
2016,7,730,105,157,157,0,0,13,13,0,0,13,13,0,0,13,13,0,0,13,13,0,0,13,13,0,0,13,13,0,0,13,13,0,0,14,14,0,0,12,12,0,0,14,14,0,0,13,13,0,0,13,13,0,0
2016,7,744,103,43,43,0,0,13,13,0,0,12,12,0,0,13,13,0,0,5,5,0,0,0,0,0,0,0,0,0,0,0,0,0,0,0,0,0,0,0,0,0,0,0,0,0,0,0,0,0,0,0,0,0,0
2016,7,744,106,117,117,0,0,13,13,0,0,12,12,0,0,13,13,0,0,7,7,0,0,0,0,0,0,12,12,0,0,9,9,0,0,10,10,0,0,9,9,0,0,9,9,0,0,13,13,0,0,10,10,0,0
2016,7,744,108,31,31,0,0,9,9,0,0,9,9,0,0,8,8,0,0,5,5,0,0,0,0,0,0,0,0,0,0,0,0,0,0,0,0,0,0,0,0,0,0,0,0,0,0,0,0,0,0,0,0,0,0
2016,7,752,100,7,7,0,2,0,0,0,0,0,0,0,0,1,1,0,0,1,1,0,0,0,0,0,0,0,0,0,0,1,1,0,0,1,1,0,2,1,1,0,0,0,0,0,0,2,2,0,0,0,0,0,0
2016,7,752,103,159,159,0,276,13,13,0,0,12,12,0,0,13,13,0,0,13,13,0,0,13,13,0,0,13,13,0,0,15,15,0,96,13,13,0,0,14,14,0,90,14,14,0,90,13,13,0,0,13,13,0,0
2016,7,752,105,105,105,0,0,9,9,0,0,8,8,0,0,9,9,0,0,9,9,0,0,8,8,0,0,9,9,0,0,9,9,0,0,9,9,0,0,8,8,0,0,9,9,0,0,9,9,0,0,9,9,0,0
2016,7,752,106,206,206,0,0,18,18,0,0,17,17,0,0,18,18,0,0,17,17,0,0,18,18,0,0,16,16,0,0,15,15,0,0,17,17,0,0,18,18,0,0,17,17,0,0,17,17,0,0,18,18,0,0
2016,7,752,108,322,322,0,0,13,13,0,0,12,12,0,0,14,14,0,0,12,12,0,0,19,19,0,0,21,21,0,0,34,34,0,0,40,40,0,0,39,39,0,0,40,40,0,0,38,38,0,0,40,40,0,0
2016,7,752,304,13,13,0,1178,1,1,0,93,1,1,0,91,2,2,0,187,0,0,0,0,0,0,0,0,3,3,0,260,0,0,0,0,1,1,0,92,1,1,0,92,2,2,0,167,1,1,0,94,1,1,0,102
2016,8,812,100,15,11,0,92,1,1,0,14,0,0,0,0,0,0,0,0,1,1,0,6,4,1,0,6,4,4,0,1,0,0,0,0,1,1,0,0,0,0,0,0,1,1,0,16,2,2,0,21,1,0,0,28
2016,8,812,103,2285,2283,871,1365,159,159,87,87,151,151,53,64,149,149,96,76,139,139,113,87,152,152,86,100,143,143,68,81,216,216,69,90,269,269,44,103,215,215,89,115,223,223,61,189,231,231,41,260,238,236,64,113
2016,8,812,105,905,903,7,7,74,74,0,0,64,64,0,0,71,71,4,0,71,71,1,3,75,75,1,2,71,71,1,2,79,79,0,0,74,74,0,0,72,72,0,0,76,76,0,0,82,82,0,0,96,94,0,0
2016,8,812,106,1674,1671,1213,276,155,155,84,8,178,178,73,5,161,161,183,18,116,116,105,19,160,160,88,36,141,141,66,35,146,146,68,26,122,122,98,32,126,126,112,30,129,129,117,13,120,120,104,23,120,117,115,31
2016,8,812,108,700,698,1801,502,87,87,167,21,85,85,214,19,44,44,166,43,41,41,99,37,44,44,112,49,43,43,136,21,67,67,148,33,61,61,145,36,42,42,156,38,45,45,95,72,48,48,134,73,93,91,229,60
2016,8,812,111,342,340,66,142,31,30,2,13,30,30,3,6,31,31,1,13,30,30,1,7,27,27,1,20,21,21,1,4,31,31,1,11,29,29,1,23,21,21,3,4,30,30,10,6,30,30,18,19,31,30,24,16
2016,8,812,112,49,48,36,0,4,4,1,0,0,0,0,0,0,0,0,0,0,0,0,0,0,0,0,0,0,0,0,0,0,0,0,0,0,0,0,0,0,0,0,0,13,13,6,0,13,13,6,0,19,18,23,0
2016,8,812,113,252,251,0,1,18,18,0,0,17,17,0,0,17,17,0,0,19,19,0,0,22,22,0,0,20,20,0,0,23,23,0,0,22,22,0,0,19,19,0,0,23,23,0,1,21,21,0,0,31,30,0,0
2016,8,812,224,185,185,0,0,15,15,0,0,13,13,0,0,17,17,0,0,16,16,0,0,14,14,0,0,15,15,0,0,17,17,0,0,14,14,0,0,14,14,0,0,16,16,0,0,16,16,0,0,18,18,0,0
2016,8,812,302,1,1,0,0,0,0,0,0,0,0,0,0,0,0,0,0,0,0,0,0,1,1,0,0,0,0,0,0,0,0,0,0,0,0,0,0,0,0,0,0,0,0,0,0,0,0,0,0,0,0,0,0
2016,8,812,304,260,259,695,91,24,24,37,1,21,21,20,1,20,20,24,2,20,20,48,1,22,22,49,0,21,21,56,1,23,23,52,2,22,22,65,1,22,22,73,1,21,21,75,1,21,21,75,1,23,22,121,79
2016,8,812,314,1,1,0,0,0,0,0,0,0,0,0,0,0,0,0,0,0,0,0,0,0,0,0,0,0,0,0,0,0,0,0,0,1,1,0,0,0,0,0,0,0,0,0,0,0,0,0,0,0,0,0,0
2016,8,813,103,1,1,0,0,0,0,0,0,0,0,0,0,0,0,0,0,0,0,0,0,0,0,0,0,0,0,0,0,0,0,0,0,0,0,0,0,0,0,0,0,0,0,0,0,0,0,0,0,1,1,0,0
2016,8,813,105,180,179,0,0,26,25,0,0,28,28,0,0,24,24,0,0,24,24,0,0,15,15,0,0,9,9,0,0,8,8,0,0,9,9,0,0,9,9,0,0,8,8,0,0,9,9,0,0,11,11,0,0
2016,8,813,106,524,523,0,0,38,38,0,0,33,32,0,0,36,36,0,0,36,36,0,0,43,43,0,0,42,42,0,0,38,38,0,0,46,46,0,0,58,58,0,0,53,53,0,0,51,51,0,0,50,50,0,0
2016,8,813,111,2,2,0,0,1,1,0,0,0,0,0,0,0,0,0,0,0,0,0,0,0,0,0,0,0,0,0,0,0,0,0,0,0,0,0,0,0,0,0,0,0,0,0,0,0,0,0,0,1,1,0,0
2016,8,816,103,47,47,0,0,9,9,0,0,8,8,0,0,1,1,0,0,3,3,0,0,5,5,0,0,0,0,0,0,9,9,0,0,9,9,0,0,3,3,0,0,0,0,0,0,0,0,0,0,0,0,0,0
2016,8,816,105,326,324,0,0,36,36,0,0,38,38,0,0,34,34,0,0,25,25,0,0,27,27,0,0,26,26,0,0,34,34,0,0,37,36,0,0,21,21,0,0,20,20,0,0,15,15,0,0,13,12,0,0
2016,8,816,106,161,161,0,0,27,27,0,0,24,24,0,0,25,25,0,0,9,9,0,0,13,13,0,0,12,12,0,0,11,11,0,0,17,17,0,0,8,8,0,0,9,9,0,0,6,6,0,0,0,0,0,0
2016,8,823,103,159,159,0,0,15,15,0,0,13,13,0,0,13,13,0,0,13,13,0,0,13,13,0,0,13,13,0,0,14,14,0,0,13,13,0,0,13,13,0,0,13,13,0,0,13,13,0,0,13,13,0,0
2016,8,854,103,6,6,0,0,0,0,0,0,1,1,0,0,1,1,0,0,0,0,0,0,1,1,0,0,1,1,0,0,0,0,0,0,0,0,0,0,2,2,0,0,0,0,0,0,0,0,0,0,0,0,0,0
2016,8,910,100,20,12,0,5,0,0,0,0,1,1,0,0,11,11,0,0,0,0,0,0,6,0,0,0,0,0,0,0,0,0,0,0,0,0,0,0,0,0,0,0,0,0,0,0,0,0,0,0,2,0,0,5
2016,8,910,103,1,0,0,0,1,0,0,0,0,0,0,0,0,0,0,0,0,0,0,0,0,0,0,0,0,0,0,0,0,0,0,0,0,0,0,0,0,0,0,0,0,0,0,0,0,0,0,0,0,0,0,0
2016,9,907,100,4194,2792,86337,88880,320,200,6810,6988,260,168,4954,5166,361,227,8167,8330,364,234,7814,7970,321,212,6375,6474,338,219,6942,7072,375,238,7738,7916,350,228,7262,7412,356,236,7467,7648,342,237,6869,6945,401,294,8022,8554,406,299,7917,8405
2016,9,907,103,2519,2519,6,115,222,222,0,0,209,209,0,7,213,213,0,2,163,163,0,1,207,207,2,7,206,206,0,2,213,213,0,8,212,212,1,7,209,209,3,33,211,211,0,10,210,210,0,27,244,244,0,11
2016,9,907,105,1716,1716,0,2,138,138,0,0,152,152,0,0,138,138,0,0,134,134,0,0,136,136,0,2,142,142,0,0,165,165,0,0,162,162,0,0,143,143,0,0,143,143,0,0,130,130,0,0,133,133,0,0
2016,9,907,106,2151,2147,25,334,151,151,2,21,146,146,1,5,151,151,4,22,168,168,3,27,188,188,2,21,199,199,1,27,225,223,3,26,229,229,2,38,219,217,3,26,200,200,1,37,137,137,1,40,138,138,2,44
2016,9,907,108,1025,1025,33,322,79,79,2,31,75,75,1,17,82,82,6,32,90,90,3,22,93,93,2,35,90,90,5,13,93,93,3,16,92,92,4,31,90,90,2,36,90,90,2,39,71,71,1,40,80,80,2,10
2016,9,907,112,1,0,0,0,0,0,0,0,0,0,0,0,0,0,0,0,0,0,0,0,0,0,0,0,0,0,0,0,1,0,0,0,0,0,0,0,0,0,0,0,0,0,0,0,0,0,0,0,0,0,0,0
2016,9,907,304,2,2,0,0,0,0,0,0,0,0,0,0,0,0,0,0,0,0,0,0,0,0,0,0,0,0,0,0,0,0,0,0,0,0,0,0,2,2,0,0,0,0,0,0,0,0,0,0,0,0,0,0
